track_genre,tracks_unicos,popularidad_media,popularidad_mediana,danceability_media,energy_media,valence_media,acousticness_media,tempo_medio,ranking_tracks,ranking_popularidad_mediana
acoustic,1000,42.4835,47.0,0.549593,0.43536810000000004,0.42402300000000004,0.56681639833,119.01062399999999,1,22
british,1000,43.8,52.0,0.5012758,0.50712697,0.4397141,0.42794293626,118.828617,2,9
country,1000,17.0295,0.0,0.555294,0.5968052,0.5214813,0.321226736,123.963307,3,108
disco,1000,33.5215,32.0,0.676692,0.737565,0.6707538,0.1662128304,121.97438000000001,4,65
electronic,1000,44.3225,48.0,0.652945,0.6947523,0.39183890000000005,0.17702646910000003,122.947839,5,21
emo,1000,48.1195,51.0,0.599321,0.6699669202999999,0.441135,0.19508066629999998,126.992643,6,11
funk,1000,32.322,43.0,0.678184,0.632999,0.5996525,0.29965703309999997,117.755823,7,33
garage,1000,40.9325,35.0,0.48426440000000004,0.7443500000000001,0.5180332,0.16750723035999998,127.048215,8,60
indie-pop,1000,40.6575,47.0,0.60437,0.5611395,0.4606154,0.37235657733,120.17900900000001,9,23
industrial,1000,31.04,24.0,0.530416,0.8617453,0.4248738,0.03672752687,126.831205,10,78
j-rock,1000,40.659,37.0,0.509069,0.7606839999999999,0.5377491999999999,0.16859578103,128.52244199999998,11,54
mandopop,1000,45.027,49.0,0.546532,0.4984339,0.35016430000000004,0.4802883056,123.47590600000001,12,19
metalcore,1000,43.477,50.0,0.4238,0.914485,0.31490179999999995,0.01028573078,130.580195,13,15
mpb,1000,40.771,42.0,0.5740879999999999,0.5797871706,0.5564338,0.420858189,120.16105499999999,14,37
pagode,1000,44.2835,45.0,0.577723,0.7121230000000001,0.687978,0.53837212,126.859308,15,27
punk-rock,1000,38.2655,38.0,0.507329,0.80998,0.5669669,0.08259563892,132.219025,16,52
r-n-b,1000,36.705,42.0,0.614388,0.6381296706,0.6331639,0.3705621442,124.038939,17,38
reggae,1000,20.594,2.0,0.745331,0.7257910000000001,0.647529,0.175950025,119.867602,18,103
reggaeton,1000,23.824,2.0,0.758521,0.7387279999999999,0.6427535,0.16476341,118.872403,19,104
rock,1000,18.5985,0.0,0.543609,0.6790711,0.5389026,0.20924166109999998,126.321238,20,109
rock-n-roll,1000,34.434,32.0,0.5503020000000001,0.5266152,0.67049,0.5533451770000001,120.390017,21,66
sad,1000,52.3965,54.0,0.692378,0.4624701,0.4220495,0.473710126,119.06495,22,8
samba,1000,38.8555,39.0,0.5748970000000001,0.6726435000000001,0.6934091,0.48990308,118.122361,23,49
sertanejo,1000,47.877,47.0,0.591647,0.710391,0.619325,0.43662081999999997,127.052197,24,24
singer-songwriter,1000,37.807,43.0,0.562022,0.4341884,0.4142976,0.552753542,119.737322,25,34
ska,1000,35.1325,36.0,0.5806760000000001,0.793134,0.69672,0.12157530015000001,128.338341,26,58
sleep,1000,35.071,35.0,0.1679225,0.34207171670000003,0.058187871,0.65725270108,84.619491,27,61
songwriter,1000,37.807,43.0,0.562022,0.4341884,0.4142976,0.552753542,119.737322,28,35
spanish,1000,37.922,32.0,0.6043099999999999,0.707777,0.5484960999999999,0.26875821868000005,122.832437,29,67
swedish,1000,37.188,38.0,0.590413,0.6220025,0.5329407,0.32420006772,121.094523,30,53
synth-pop,1000,36.581,34.0,0.620663,0.7131349,0.5863771000000001,0.15232235625,122.85003200000001,31,63
tango,1000,19.871,19.0,0.537862,0.372828,0.5835295,0.846208935,114.55432,32,91
techno,1000,39.053,43.0,0.684348,0.746413,0.3218783,0.08141377308,128.255482,33,36
afrobeat,999,24.40740740740741,21.0,0.6694084084084084,0.7029379379379379,0.6984746746746747,0.2708928451451451,119.24205705705705,34,90
alt-rock,999,33.893393393393396,45.0,0.5346006006006007,0.7540270270270271,0.5181794794794795,0.1221684040940941,124.65440340340339,35,28
alternative,999,24.36186186186186,1.0,0.559962962962963,0.7198478478478479,0.49515825825825827,0.1479672118018018,122.20776876876877,36,106
ambient,999,44.206706706706704,50.0,0.3679657657657658,0.23725704704704706,0.16734454454454453,0.7767006410410411,111.15641341341342,37,16
anime,999,48.765765765765764,50.0,0.5375169169169169,0.6737880880880881,0.4346357357357357,0.26797644918918917,123.54965365365366,38,17
breakbeat,999,20.13113113113113,14.0,0.6461431431431431,0.8534964964964965,0.47506836836836835,0.03143344962962963,133.0422002002002,39,95
cantopop,999,34.753753753753756,35.0,0.5479019019019019,0.46181001001001004,0.39339529529529527,0.536023268868869,124.26351151151152,40,62
chill,999,53.6996996996997,57.0,0.6642072072072072,0.42639929929929926,0.40354504504504507,0.5346082630630631,115.48886486486487,41,5
dancehall,999,33.470970970970974,31.0,0.734082082082082,0.6852812812812813,0.6290556556556557,0.21548705605605606,112.89906806806806,42,69
death-metal,999,32.17867867867868,25.0,0.36831821821821825,0.9314684684684685,0.24773883883883882,0.006702404854854855,123.76279679679679,43,75
disney,999,27.52252252252252,23.0,0.46303023023023027,0.3026695295295295,0.36875915915915913,0.7426519165165165,112.0453873873874,44,82
dub,999,40.05755755755756,44.0,0.5755155155155156,0.7147517517517518,0.3868713713713714,0.12253151771771773,129.50659659659658,45,30
dubstep,999,42.31731731731732,44.0,0.5180080080080081,0.7588078078078078,0.2718457457457457,0.1137546049049049,133.6633973973974,46,31
folk,999,38.03853853853854,41.0,0.5585525525525525,0.5455945945945946,0.49038718718718716,0.47569282582582584,118.45262962962963,47,40
french,999,41.07507507507508,37.0,0.6515301301301302,0.5948700700700701,0.42974124124124125,0.3497763731631632,117.79386786786786,48,55
gospel,999,41.64114114114114,41.0,0.4732972972972973,0.5763337337337336,0.320801001001001,0.37676831131131133,125.67478078078078,49,41
goth,999,28.91091091091091,24.0,0.47855355355355356,0.7410800002002002,0.4433193193193193,0.1641359784184184,124.30890390390391,50,79
grunge,999,49.58258258258258,55.0,0.45705305305305305,0.8031121121121121,0.40044844844844846,0.0534945743043043,129.3379029029029,51,7
guitar,999,29.52852852852853,26.0,0.5403787787787787,0.32520639229229226,0.43255435435435435,0.7732178728728729,111.98887487487487,52,74
happy,999,21.715715715715717,19.0,0.5526966966966967,0.9109009009009009,0.32768618618618617,0.05730013803803804,152.92087587587585,53,92
hardcore,999,36.109609609609606,32.0,0.5466206206206206,0.8423293293293292,0.49620300300300296,0.06497814235235236,125.32543643643645,54,68
house,999,34.189189189189186,42.0,0.6684854854854855,0.7551671671671673,0.49446996996997,0.10876282082082082,121.11801501501502,55,39
indian,999,49.52102102102102,49.0,0.5924244244244244,0.5671381381381382,0.4633153153153153,0.48516323223223223,116.13914014014014,56,20
j-idol,999,24.71071071071071,22.0,0.5487577577577578,0.8685928928928929,0.5777104104104104,0.1515234754654655,136.09808608608608,57,87
jazz,999,13.583583583583584,0.0,0.5098918918918919,0.35320463463463464,0.49033633633633633,0.7155452522522522,112.68286886886887,58,110
k-pop,999,56.906906906906904,60.0,0.6475765765765765,0.6757577577577577,0.5566818818818818,0.2924496436436437,119.25074174174173,59,2
malay,999,30.36736736736737,28.0,0.6286036036036037,0.5783089089089088,0.5011750750750751,0.40427437137137134,119.30001101101101,60,71
pop-film,999,59.28028028028028,60.0,0.5972602602602602,0.6043852852852852,0.5289812812812813,0.4407874034034034,117.29098698698698,61,3
progressive-house,999,46.71621621621622,52.0,0.6239529529529529,0.8132432432432432,0.36532642642642643,0.06142005644644645,125.09072872872873,62,10
punk,999,38.27877877877878,40.0,0.4996556556556557,0.8097447447447447,0.5556803803803804,0.08920961006006006,133.60912212212213,63,45
rockabilly,999,31.51001001001001,28.0,0.5611861861861862,0.6592051051051051,0.7267367367367368,0.44722339665665667,123.65703703703704,64,72
show-tunes,999,31.26076076076076,25.0,0.46395605605605605,0.39888564564564566,0.379086986986987,0.6369112377377377,114.38588388388389,65,76
soul,999,19.814814814814813,0.0,0.6000210210210211,0.5336302302302302,0.5228722722722722,0.4015084038038038,114.5969049049049,66,111
trance,999,37.54454454454454,40.0,0.5832992992992994,0.8453863863863863,0.2768846846846847,0.03590136666666666,133.28702602602604,67,46
turkish,999,40.71521521521522,40.0,0.6162072072072072,0.6099285285285285,0.4624231231231231,0.32144166616616615,120.36787987987988,68,47
world-music,999,41.88088088088088,44.0,0.4144994994994995,0.5326243646646647,0.2501614214214214,0.2998463277977978,121.41010010010011,69,32
bluegrass,998,25.681362725450903,24.0,0.5347715430861724,0.5302871743486973,0.6348554108216432,0.5566500561122244,126.62065631262524,70,80
blues,998,31.21693386773547,34.0,0.5685370741482966,0.5820455911823647,0.6034386773547095,0.3976411275551102,116.63287074148296,71,64
brazil,998,44.65931863727455,45.0,0.5631743486973948,0.6207975951903808,0.4697090180360722,0.3321668037074148,121.96297194388778,72,29
chicago-house,998,12.33366733466934,10.0,0.7662404809619238,0.7329819639278556,0.5867486973947895,0.03530414786573146,123.90862825651303,73,100
children,998,35.11723446893787,36.0,0.7164759519038076,0.4944550901803607,0.6937879759519038,0.4983929342685371,123.36938577154308,74,59
deep-house,998,44.786072144288575,51.0,0.7105180360721443,0.7417795591182366,0.44747404809619235,0.10131355198396794,120.88964629258517,75,12
detroit-techno,998,11.182865731462925,8.0,0.7224659318637274,0.7103180360721443,0.4687794589178357,0.06572624955911824,126.59767034068138,76,101
electro,998,36.14629258517034,50.5,0.651504008016032,0.6648587174348697,0.4667968937875751,0.22766526653306612,120.88684769539077,77,14
forro,998,41.826653306613224,41.0,0.6499468937875752,0.7895010020040081,0.7604993987975952,0.39736227454909817,140.35065631262523,78,42
grindcore,998,14.629258517034069,14.0,0.2720768537074148,0.9243226452905812,0.21635370741482965,0.008715731553106213,119.26818236472946,79,96
groove,998,37.83266533066132,39.5,0.5840831663326653,0.7639557114228457,0.4269433867735471,0.1315849755511022,123.74139078156313,80,48
hard-rock,998,42.72244488977956,41.0,0.4822364729458918,0.794941883767535,0.5141734468937875,0.09046400253507013,125.36580861723448,81,43
hardstyle,998,26.603206412825653,23.0,0.5394108216432866,0.9011733466933868,0.3120735470941884,0.05122561653306613,146.90585871743485,82,83
heavy-metal,998,26.178857715430862,23.0,0.4284285571142285,0.8741523046092184,0.3882503006012024,0.014983335681362725,126.61172945891784,83,84
idm,998,15.759519038076153,12.0,0.5274834669338677,0.5551592685370741,0.30262254509018033,0.3773768678557114,123.25401903807615,84,98
j-pop,998,41.22444889779559,41.0,0.5517354709418837,0.6806324649298597,0.5419560120240482,0.28085462386773546,124.69469639278557,85,44
metal,998,43.677354709418836,57.0,0.46432765531062126,0.8405020040080161,0.4182951903807615,0.037094395430861724,127.91924749498997,86,6
minimal-techno,998,34.02254509018036,39.0,0.729315631262525,0.6798997995991983,0.2831745490981964,0.07106361089178356,124.75148296593186,87,50
piano,998,45.27905811623246,50.0,0.45526182364729456,0.32060066533066134,0.313713627254509,0.7044097324649299,118.05614929859719,88,18
salsa,998,28.06362725450902,29.0,0.6681973947895792,0.7242284569138276,0.8145360721442886,0.4690345290581162,119.82768436873747,89,70
study,998,26.128256513026052,28.0,0.685251503006012,0.41095561122244484,0.4025449899799599,0.5305599278557115,111.81752805611222,90,73
black-metal,997,22.46088264794383,19.0,0.29666990972918755,0.8747214643931795,0.19213109327983952,0.02713690109327984,128.5921223671013,91,93
indie,997,38.90672016048144,47.0,0.5872878635907722,0.5565455366098295,0.4675547642928787,0.38045547324974927,118.99515747241726,92,25
trip-hop,997,34.501504513540624,39.0,0.6349217652958877,0.6222086258776329,0.47794062186559677,0.22555127457372115,118.78329388164494,93,51
comedy,996,24.643574297188756,23.0,0.5774036144578314,0.6998925702811245,0.4550085341365462,0.7264268895582329,100.93387148594377,94,85
drum-and-bass,996,26.630522088353413,19.0,0.5357339357429719,0.8763795180722892,0.3217534136546185,0.025998353373493974,155.25464357429718,95,94
power-pop,996,26.920682730923694,23.0,0.4735230923694779,0.8014618473895582,0.6149126506024096,0.08581595024096386,134.60367068273092,96,86
psych-rock,996,42.897590361445786,51.0,0.5025160642570281,0.5617658634538153,0.5636746987951807,0.3154427883935743,121.53349297188754,97,13
club,995,33.37738693467337,37.0,0.6037408040201004,0.7225736683417084,0.3685173869346734,0.1594959172763819,123.30708643216082,98,56
new-age,994,29.061368209255534,24.0,0.3480016096579477,0.2138720523138833,0.1827327967806841,0.8243605855130784,107.91794969818913,99,81
party,994,21.032696177062373,25.0,0.6671569416498994,0.8713490945674044,0.6811789738430584,0.09245036780684104,131.32309054325955,100,77
edm,993,35.13846928499496,47.0,0.6483846928499497,0.7562578046324271,0.46470926485397784,0.11470901107754279,122.05445417925479,101,26
j-dance,993,26.694360523665658,22.0,0.6802567975830816,0.702961329305136,0.5638765357502518,0.2309824658610272,114.92673111782479,102,88
latino,993,25.81923464249748,2.0,0.7573957703927493,0.730757804632427,0.6287530715005035,0.17309811681772405,119.37071802618328,103,105
pop,993,47.90281973816717,66.0,0.6304078549848943,0.6055015105740181,0.5069311178247734,0.3457721047331319,120.88139879154079,104,1
opera,992,24.63155241935484,22.0,0.31321683467741934,0.3165232862903226,0.21479657258064516,0.7961375831249999,105.59264919354838,105,89
hip-hop,991,38.08274470232089,58.0,0.7359374369323914,0.6823612512613522,0.5505134207870838,0.19508381735620584,116.5698607467205,106,4
kids,991,14.940464177598386,12.0,0.7786296670030272,0.6135636730575177,0.6814791120080728,0.2391801828456105,121.78339757820383,107,99
latin,990,8.374242424242425,0.0,0.7214101010101011,0.7271444444444445,0.6320969696969696,0.18403488383838384,119.82855151515152,108,112
iranian,988,2.2246963562753037,0.0,0.3003471659919028,0.5445016220647773,0.15303876518218623,0.4124290758805668,114.61782085020243,109,113
honky-tonk,981,16.41080530071356,13.0,0.5715239551478083,0.3674647298674822,0.6332191641182466,0.7110663321100917,116.61576554536188,110,97
dance,965,23.403108808290156,1.0,0.6876549222797927,0.709820725388601,0.5520967875647669,0.1311723356476684,120.43601658031088,111,107
german,963,27.190031152647975,37.0,0.5300433021806853,0.5369940602284528,0.3851577362409138,0.3801531322637591,117.49519210799585,112,57
classical,933,13.519828510182208,3.0,0.3819590568060021,0.19519268595927117,0.3785024651661308,0.9165422813504823,108.04733226152196,113,102
romance,904,3.549778761061947,0.0,0.4315367256637168,0.2988484513274336,0.39457511061946904,0.8644558628318585,109.81713716814158,114,114
