columna,tipo,valores_totales,valores_no_nulos,valores_faltantes,porcentaje_faltantes,valores_unicos,porcentaje_unicidad
track_id,object,114000,114000,0,0.0,89741,78.7201754385965
artists,object,114000,113999,1,0.0008771929824561403,31437,27.576315789473682
album_name,object,114000,113999,1,0.0008771929824561403,46589,40.867543859649125
track_name,object,114000,113999,1,0.0008771929824561403,73608,64.56842105263158
popularity,int64,114000,114000,0,0.0,101,0.08859649122807017
duration_ms,int64,114000,114000,0,0.0,50697,44.47105263157895
explicit,bool,114000,114000,0,0.0,2,0.0017543859649122805
danceability,float64,114000,114000,0,0.0,1174,1.0298245614035089
energy,float64,114000,114000,0,0.0,2083,1.8271929824561404
key,int64,114000,114000,0,0.0,12,0.010526315789473684
loudness,float64,114000,114000,0,0.0,19480,17.087719298245613
mode,int64,114000,114000,0,0.0,2,0.0017543859649122805
speechiness,float64,114000,114000,0,0.0,1489,1.306140350877193
acousticness,float64,114000,114000,0,0.0,5061,4.439473684210526
instrumentalness,float64,114000,114000,0,0.0,5346,4.689473684210526
liveness,float64,114000,114000,0,0.0,1722,1.5105263157894737
valence,float64,114000,114000,0,0.0,1790,1.570175438596491
tempo,float64,114000,114000,0,0.0,45653,40.046491228070174
time_signature,int64,114000,114000,0,0.0,5,0.0043859649122807015
track_genre,object,114000,114000,0,0.0,114,0.1
