atributo,estadistico,mediana_alta_popularidad,mediana_resto,diferencia_alta_menos_resto,umbral_popularidad_q3,tracks_alta_popularidad,tracks_resto
danceability,mediana,0.59,0.572,0.018000000000000016,49.0,22505,67236
energy,mediana,0.66,0.683,-0.02300000000000002,49.0,22505,67236
valence,mediana,0.43,0.469,-0.03899999999999998,49.0,22505,67236
acousticness,mediana,0.176,0.192,-0.016000000000000014,49.0,22505,67236
instrumentalness,mediana,2.3e-05,8.39e-05,-6.09e-05,49.0,22505,67236
liveness,mediana,0.123,0.137,-0.014000000000000012,49.0,22505,67236
speechiness,mediana,0.0468,0.0497,-0.0029,49.0,22505,67236
tempo,mediana,121.054,122.206,-1.152000000000001,49.0,22505,67236
duration_ms,mediana,210533.0,214342.0,-3809.0,49.0,22505,67236
