columna,dtype,tipo_tecnico,categoria_semantica,valores_unicos,porcentaje_unicidad
track_id,object,object,Identificador,89741,78.7201754385965
artists,object,object,Texto,31437,27.576315789473682
album_name,object,object,Texto,46589,40.867543859649125
track_name,object,object,Texto,73608,64.56842105263158
popularity,int64,int,Numérica / métrica,101,0.08859649122807017
duration_ms,int64,int,Numérica / métrica,50697,44.47105263157895
explicit,bool,bool,Booleana,2,0.0017543859649122805
danceability,float64,float,Numérica / métrica,1174,1.0298245614035089
energy,float64,float,Numérica / métrica,2083,1.8271929824561404
key,int64,int,Categórica,12,0.010526315789473684
loudness,float64,float,Numérica / métrica,19480,17.087719298245613
mode,int64,int,Categórica,2,0.0017543859649122805
speechiness,float64,float,Numérica / métrica,1489,1.306140350877193
acousticness,float64,float,Numérica / métrica,5061,4.439473684210526
instrumentalness,float64,float,Numérica / métrica,5346,4.689473684210526
liveness,float64,float,Numérica / métrica,1722,1.5105263157894737
valence,float64,float,Numérica / métrica,1790,1.570175438596491
tempo,float64,float,Numérica / métrica,45653,40.046491228070174
time_signature,int64,int,Categórica,5,0.0043859649122807015
track_genre,object,object,Categórica,114,0.1
