track_id,track_name,artists,album_name,popularity
3nqQXoyQOWXiESFLlDF1hG,Unholy (feat. Kim Petras),Sam Smith;Kim Petras,Unholy (feat. Kim Petras),100.0
2tTmW7RDtMQtBk7m2rYeSw,"Quevedo: Bzrp Music Sessions, Vol. 52",Bizarrap;Quevedo,"Quevedo: Bzrp Music Sessions, Vol. 52",99.0
4uUG5RXrOk84mYEfFvj3cK,I'm Good (Blue),David Guetta;Bebe Rexha,I'm Good (Blue),98.0
5ww2BF9slyYgNOk37BlC4u,La Bachata,Manuel Turizo,La Bachata,98.0
1IHWl5LamUGEuP4ozKQSXZ,Tití Me Preguntó,Bad Bunny,Un Verano Sin Ti,97.0
6Sq7ltF9Qa7SNFBsV5Cogx,Me Porto Bonito,Bad Bunny;Chencho Corleone,Un Verano Sin Ti,97.0
4h9wh7iOZ0GGn8QVp4RAOB,I Ain't Worried,OneRepublic,"I Ain’t Worried (Music From The Motion Picture ""Top Gun: Maverick"")",96.0
5IgjP7X4th6nMNDh4akUHb,Under The Influence,Chris Brown,Indigo (Extended),96.0
5Eax0qFko2dh7Rl2lYs3bx,Efecto,Bad Bunny,Un Verano Sin Ti,95.5
4LRPiXqCikLlN15c3yImP7,As It Was,Harry Styles,As It Was,95.0
3k3NWokhRRkEPhCzPmV8TW,Ojitos Lindos,Bad Bunny;Bomba Estéreo,Un Verano Sin Ti,94.5
6Xom58OOXk2SoU711L2IXO,Moscow Mule,Bad Bunny,Un Verano Sin Ti,94.0
6xGruZOHLs39ZbVccQTuPZ,Glimpse of Us,Joji,Glimpse of Us,94.0
1xzi1Jcr7mEi9K2RfzLOqS,CUFF IT,Beyoncé,RENAISSANCE,93.0
2QjOHCTQ1Jl3zawyYOpxh6,Sweater Weather,The Neighbourhood,I Love You.,93.0
